Trail, Status, Difficulty
Chalet Meadow,Closed,Begginer
Deer Run,Closed,Begginer
Grammy Jay,Closed,Begginer
Harmony Lane,Closed,Begginer
Interstate,Closed,Begginer
Kangaroo Trail,Closed,Begginer
Lower Can Am,Closed,Begginer
Lower Ullr's Dream,Closed,Begginer
Perry Merril Ave,Closed,Begginer
Progression Terrain,Closed,Begginer
Queen's Highway,Closed,Begginer
Rabbit Trail,Closed,Begginer
Raccoon Run,Closed,Begginer
Subway,Closed,Begginer
The Boulevard,Closed,Begginer
Alligator Alley,Closed,Intermediate
Angel's Wiggle,Closed,Intermediate
Cat Walk,Closed,Intermediate
Heaven's Road,Closed,Intermediate
Hell's Crossing,Closed,Intermediate
Kokomo,Closed,Intermediate
Lower Exhibition,Closed,Intermediate
Lower Goat Run,Closed,Intermediate
Lower Milk Run,Closed,Intermediate
Lower River Quai,Closed,Intermediate
Lower U.N.,Closed,Intermediate
Micky,Closed,Intermediate
Middle Can Am,Closed,Intermediate
Middle Northway,Closed,Intermediate
Mont L'Entrepide,Closed,Intermediate
Montrealer,Closed,Intermediate
Paradise Meadows,Closed,Intermediate
Poma Line,Closed,Intermediate
Purgatory,Closed,Intermediate
Racer,Closed,Intermediate
St. George's Prayer,Closed,Intermediate
Sweetheart,Closed,Intermediate
Taxi,Closed,Intermediate
The Flash,Closed,Intermediate
The Jet Lower,Closed,Intermediate
The Willard,Closed,Intermediate
Ullr's Dream,Closed,Intermediate
Upper Northway,Closed,Intermediate
Vermonter,Closed,Intermediate
Wedelmaster,Closed,Intermediate
601,Closed,Advanced
Green Beret,Closed,Advanced
Green Mountain Boys,Closed,Advanced
Haynes,Closed,Advanced
Hotshot Derick,Closed,Advanced
JFK,Closed,Advanced
Kitzbuehel,Closed,Advanced
Lift Line,Closed,Advanced
Lower Northway,Closed,Advanced
Lower Northwest Passage,Closed,Advanced
Middle Northwest Passage,Closed,Advanced
Sis Boom Bah,Closed,Advanced
The Jet,Closed,Advanced
Upper Can Am,Closed,Advanced
Upper Exhibition,Closed,Advanced
Upper Goat Run,Closed,Advanced
Upper Milk Run,Closed,Advanced
Upper Northwest Passage,Closed,Advanced
Upper River Quai,Closed,Advanced
Upper U.N,Closed,Advanced
Andre's Paradise,Closed,Advanced Glade
Beaver Pond,Closed,Advanced Glade
Bonaventure Glade,Closed,Advanced Glade
Buck Woods,Closed,Advanced Glade
Buckaroo Bonzai,Closed,Advanced Glade
Canyon Land,Closed,Advanced Glade
Deliverance,Closed,Advanced Glade
Everglade,Closed,Advanced Glade
Expo Glade,Closed,Advanced Glade
Hell's Woods,Closed,Advanced Glade
Kitz Woods,Closed,Advanced Glade
North Glade,Closed,Advanced Glade
Show-Off Glade,Closed,Advanced Glade
Staircase,Closed,Advanced Glade
Stateside Glade,Closed,Advanced Glade
The Face Chutes,Closed,Advanced Glade
Timbuktu,Closed,Advanced Glade
Tuckerman's Chute,Closed,Advanced Glade
Valhalla,Closed,Advanced Glade
Vertigo,Closed,Advanced Glade
